,jobUrl,job title,company_name,position,Level,Year of Exp,Hiring,Salary,Sex,Age,Term,Function/Category,Industry,Qualification,Language,Location,Job Description,Job Requirement,Company Profile,Publish Date,Closing Date,Contact Info
0,https://www.camhr.com/a/job/10022760,Real Estate Consultant,Yong Yap Properties,Real Estate Consultant,Middle,~,1,<$200,Male/Female,20 ~ 35,"
          Full Time
        ","
          Sales
        ","
          Real Estate
        ","
          High School
        ","
          English-- Good
        ","
          Phnom Penh
        ",,,"At Yong Yap Properties, we understand property is more than just knowing your budget and going through the database. It is an important decision in which we take great pride in really understanding your needs as the client to explore all possible options.

Yong Yap Properties is changing the face of real estate in Cambodia, by empowering and educating our clients to make the best informed property decisions. Through our well trained, highly motivated energetic team of realtors, we strive to give the best advice and in-depth market analysis that is relevant. Our reliable staff stays in regular contact, and our established transparent systems allows for a stress free transaction process.

If you are looking for a qualified upfront property consultant, contact us now and let us help you explore this Kingdom of Wonder that is Cambodia. To experience the Yong Yap difference, call now on 023 223 712 or email us at contact@yongyap.com",Publish Date：Mar-12-2014,Closing Date：Apr-11-2014,"Contact Information Desmond  081560150 172, street 13, Cheychumneas, Phnom Penh  081560150"
1,https://www.camhr.com/a/job/10022759,Security Guard,"Grand Phnom Penh International City Co., LTD",Security Guard,~,2,~,Negotiable ,Male,25,"
          Full Time
        ","
          Driver/Security
        ","
          Real Estate
        ","
          High School
        ","
          English-- Fair
        ","
          Phnom Penh
        ",,,We are an International Real Estate Company focusing on Township Development Project and International Golf Course (18 holes).,Publish Date：Mar-10-2014,Closing Date：Invalid date,"Contact Information hangchamroeun  023 997 884 Street. 598, Phum Khmuonh, Sangkat Khmuonh, Khan Sen Sok, Phnom Penh Capital, Kingdom of Cambodia.  023 997 884"
2,https://www.camhr.com/a/job/10022758,QC Assistant,KHMER FOODS GROUP,QC Assistant,Entry Level,1,2,Negotiable ,Male/Female,20 ~ 27,"
          Full Time
        ","
          Others
        ","
          Agriculture/Foresty/Fishing
        ","
          Bachelor Degree
        ","
          English-- Fair
        ","
          Phnom Penh
        ",#NAME?,#NAME?,"KFG is a group of companies specialized in rice process & export, agro-industry, healthcare, and entertainment. KFG is a leading rice exporter and processor in Cambodia and is currently having two subsidiaries: Noyakong Group and Puzzles Club. Our office is located in Phnom Penh city.
",Publish Date：Mar-10-2014,Closing Date：Apr-09-2014,"Contact Information KFG's Management  089 222 011 # 39ABCD, National way 1, Sangkat Niroth, Khan Meanchey, Phnom Penh, Cambodia.  089 222 011"
3,https://www.camhr.com/a/job/10022756,Accounts Receivable ,KHMER FOODS GROUP,Accounts Receivable ,~,~,2,Negotiable ,~,2,"
          Full Time
        ","
          Accounting
        ","
          Agriculture/Foresty/Fishing
        ","
          Bachelor Degree
        ","
          English-- Good
        ","
          Phnom Penh
        ","Customer Focus
- Assist with provision of invoice, credit control whilst maintaining good customer relations.
- Be able to handle complaints, problem solving based on professional manner.
- Be able to manage customer’s expectation.
- Assist with development of a high performance service culture within the functional area.
Strategic Perspective 
- Comply with the intent of policies, procedures and agreements.
- Assist in identifying and maintaining succession plans for all key finance positions.
Leadership
-  Play a supervisory role through job delegation and succession plan.
-  Build others’ trust in own professionalism, integrity, expertise and ability to get results.
Planning and Execution
- Assist with developing checklist for review and type of documentation required for accounting purpose.
Regular work
Monitor account receivables
- Ensure that all timely invoicing to customers/related parties and relevant recordings are accurate and supported by necessary documentation.
- Ensure that bank accounts and other balance sheet items reconciliations are performed on a monthly basis. Explanation is provided for any big ticket items.
- Conduct credit checks on all customer, establish and manage limits
- Weekly reporting of invoicing totals/aging totals/cash receipts/invoice adjustments
- Reconcile A/R sub-ledger to general ledger
- Check daily cash collection reports and bank-in slips.
- Report on the daily cash and bank balance positions to management.
- Conduct the regularly monitoring and check at the store level for domestic retailed sales.
Other activities:
Fixed Assets
- Maintain and update the fixed asset list.
- Reconcile fixed asset subsidiary ledgers to the GL monthly and resolve any resulting discrepancy discovered.
- Tag existing and new assets.
- Conduct fixed asset counting (asset verification).
- Assist in safeguarding the assets.
- Prepare monthly fluctuation analyses on changes in the FA and accumulated depreciation accounts and communicate findings and recommendations to the management.
Taxation
- Prepare monthly tax return and other document attached with the return.
- Assist in lodgment the monthly tax return.
- Assist in make tax payment
- Maintain and file all the relevant documents and correspondence from tax department.","State the minimum knowledge, experience, skills, specialization and other requirements for competent performance of this job taking into account the following factors: COMMITMENT, ADAPTABILITY, TEAMWORK, AND ENGLISH LANGUAGE.
- Degree in Finance/Accounting or equivalent.
- Professional accountancy qualification (CPA, CA or equivalent) (preferable)
-  2 - 3 years experience in a similar capacity as Account Receivable role.
- English communication skills, spoken & written.
- Analytical skills.
","KFG is a group of companies specialized in rice process & export, agro-industry, healthcare, and entertainment. KFG is a leading rice exporter and processor in Cambodia and is currently having two subsidiaries: Noyakong Group and Puzzles Club. Our office is located in Phnom Penh city.
",Publish Date：Mar-10-2014,Closing Date：Apr-09-2014,"Contact Information KFG's Management  089 222 011 # 39ABCD, National way 1, Sangkat Niroth, Khan Meanchey, Phnom Penh, Cambodia.  089 222 011"
4,https://www.camhr.com/a/job/10022755,Account Manager ,KHMER FOODS GROUP,Account Manager ,~,3,2,Negotiable ,Male/Female,20,"
          Full Time
        ","
          Accounting
        ","
          Agriculture/Foresty/Fishing
        ","
          ~
        ","
          English-- Good
        ","
          Phnom Penh
        ","Under the direct supervision of the Finance Director, the Accounts Manager manages all the Company's accounting function by conducting reviews, verifying and reconciling all related accounting records; ensures that all accounting transactions are posted in the system correctly and completely and appropriately classified and recognized as per the accounting policies of the Company; ensures that all financial reports are furnished to the management on a timely manner & accurately; assists in budget preparation and financial projection; ensures that all internal control procedure and policies of the Company are complied with and that they are working effectively; develops good working environment and promotes high performance of staff under Accounts Division.
Customer Focus 
- Provide professional services for invoicing, credit control and debt collection whilst maintaining good customer relations.  
- Build effective relationships to enhance the company’s business and statutory reputation within the local legal framework.  
- Build relationship with external auditors and regulatory authorities. 
- Liaise with others divisions to ensure that documentation submitted relating to accounts are adequate and that they are on time. 
- Provide technical support on investment and financial analysis.  
Strategic Perspective 
- Assist FINANCE DIRECTOR in process improvements aligning with corporate strategies. 
- Assist FINANCE DIRECTOR in identifying and maintaining succession plans for all key finance positions. 
- Provide financial input as required. 
Leadership 
- Assist with development of KPIs with team members and monitor individual performance. 
- Assist with the allocation of appropriate resources and commitment of staff to the achievement of company objectives and targets. 
- Assist with identification of training needs and opportunities to develop a highly skilled functional department. 
Planning and Execution 
- Assist with designing of budget and cash flow projection template. 
- Assist with developing checklist for review and type of documentation required for accounting purpose. 
- Ensure that adequate financial policy framework is in place to guide financial decision-making by the top management (i.e. MD and FINANCE DIRECTOR). 
- Work closely with the Leadership Team (Operations Director and others department heads) as part of a mutually supportive, advising them on the likely financial consequences of all proposed courses of actions. 
- Participate in key strategic development for the Company. Assist FINANCE DIRECTOR in preparing annual budget and forecasts aligned to strategic plans. 
- Prepare required detailed reports on financial matters. 
- Maintain contact and liaise with investors/lenders/bankers, main customers/suppliers and auditors to ensure the long term financial security and stability of the Company. 
- Implement financial controls in order to obtain accurate and complete financial information.  
- Produce accurate financial reports to specific deadlines and interpret those reports. 
- Ensure the monthly, quarterly and annual financial statements comply with local and international accounting standards. 
- Manage a company's financial accounting, monitoring and reporting systems. 
- Research and report on factors influencing financial performance. 
- Conduct reviews and evaluations for cost-reduction opportunities. 
- Ensure the finance processes comply with company standards and, where there are deviations, these are adequately substantiated. 
- Ensure the approved policies and procedures are fully and correctly implemented and in compliance with company risk management procedures and appropriate coverage for local risks. 
- Work closely with other departments to do the forecast and predict future trends. ","- State the minimum knowledge, experience, skills, specialization and other requirements for competent performance of this job taking into account the following factors:      COMMITMENT, ADAPTABILITY, TEAMWORK, and AND ENGLISH LANGUAGE. 
- Degree in Finance/Accounting or equivalent.
- Professional accountancy qualification (CPA, CA or equivalent) (preferable).
- 3 - 5 years experience in a similar capacity as Accounting Manager.
- English communication skills, spoken & written.
- Software skills (Word, Excel, PowerPoint, etc.).
- Analytical skills.    
","KFG is a group of companies specialized in rice process & export, agro-industry, healthcare, and entertainment. KFG is a leading rice exporter and processor in Cambodia and is currently having two subsidiaries: Noyakong Group and Puzzles Club. Our office is located in Phnom Penh city.
",Publish Date：Mar-10-2014,Closing Date：Apr-09-2014,"Contact Information KFG's Management  089 222 011 # 39ABCD, National way 1, Sangkat Niroth, Khan Meanchey, Phnom Penh, Cambodia.  089 222 011"
5,https://www.camhr.com/a/job/10022752,Sale Executive ,PIT & GO,Sale Executive ,Middle,2,1,Negotiable ,Male,24 ~ 35,"
          Full Time
        ","
          Sales
        ","
          Automotive - Vehicle
        ","
          Bachelor Degree
        ","
          English-- Good
        ","
          Phnom Penh
        ",PIT & Go has diagnostic tool from Japan & European country to check all kind of vehicle problem with sufficiency and inefficiencies mechanic team are trained by Toyota Denso Team in Japan and Thailand is looking for a Sales Executive.,"Job Requirement :
•Good communicative skills in English. (Know Japanese is advantage).
•Good administrative skills involving typing, phone communication.
•Able working relationships with local connection, especially NGO & Private sector.
•Have 1 years experiences in Sales.
•Able to work independently.  
•Bachelor Degree 
",,Publish Date：Mar-10-2014,Closing Date：Invalid date,"Contact Information Mr. Vannak  080 880 168 #277, Str. 163, Toul Tom Poung II, Chamkamorn  080 880 168"
6,https://www.camhr.com/a/job/10022751,Sales Executive,"STARSHIPPING AGENCY (CAMBODIA) CO.,LTD",Sales Executive,Middle,~,2,Negotiable ,~,Age Unlimited,"
          Full Time
        ","
          Logistics/Shipping/Deliver/Warehouse
        ","
          Logistics/Freight/Shipping/Delivery/Warehouse
        ","
          Bachelor Degree
        ","
          English-- Good
        ","
          Phnom Penh
        ",,,"We are the agent for ZIM and GSL in Cambodia. We grew over 60% in 2013, and we have even bigger targets for 2014. We are looking for an experienced and ambitious Sales Executive to Expand the market share with us.",Publish Date：Mar-18-2014,Closing Date：Apr-17-2014,"Contact Information Ms Katherine Technical Manager 023 229588 05-04 Norodom Blvd, Sangkat Chey Chumneas, Daun Penh district, Phnom Penh Cambodia  023 229588"
7,https://www.camhr.com/a/job/10022750,Receptionist,Century 21 Cambodia,Receptionist,Entry Level,~,1,<$200,Female ,22 ~ 26,"
          Full Time
        ","
          Administration
        ","
          Real Estate
        ","
          Bachelor Degree
        ","
          English-- Excellent
        ","
          Phnom Penh
        ","RESPONSIBILITY:
Duties are as follows; answering visitor inquiries about the company, direct visitors to appropiate contacts, answering incoming calls, maintain front desk and meetinng room, and assist in a variety of other office tasks
","REQUIREMENTS:
Well spoken in English and Khmer. Bachaelors Degree or currently near graduating at a University. Understanding of Excel and Word Processor. Can type both English and Khmer font well
",,Publish Date：Mar-10-2014,Closing Date：Invalid date,Contact Information Kevin Goos  +85577554455  null  +85577554455
8,https://www.camhr.com/a/job/10022749,Deputy Project Director,Song Saa Foundation,Deputy Project Director,Middle,3,1,$500-$999,Male/Female,23 ~ 36,"
          Full Time
        ","
          Project Management
        ","
          NGO/Charity/Social Services
        ","
          Bachelor Degree
        ","
          Khmer-- Excellent English-- Good
        ","
          Preah Sihanouk
        ","Deputy Project Director
The Song Saa Foundation is devoted to promoting the health and wellbeing of the marine, land and human environment of the Koh Rong Archipelago, in southwest Cambodia.
The Foundation is seeking a Khmer national to run its community engagement, environmental education and other village-based programmes. Based on Koh Rong island, the manager will also provide support to the Project Director and to other staff of the organisation and their programmes. 
Other requirements include:
•	Academic and professional background in environment and environment management (including minimum of a bachelors degree in a relevant field). 
•	At least three years experience working in the environment or community engagement field.
•	Excellent Khmer and English speaking and writing ability.
•	Proficiency in Word, XL and other Office programmes. 
•	Ability to work alongside others to achieve sustainable outcomes.
The Foundation is offering an excellent salary and benefits package for the correct candidate. Applicants should send a covering letter and CV to Wayne McCallum, wayne@songsaa.com . Only short-listed candidates will be contacted. 
","Deputy Project Director
The Song Saa Foundation is devoted to promoting the health and wellbeing of the marine, land and human environment of the Koh Rong Archipelago, in southwest Cambodia.
The Foundation is seeking a Khmer national to run its community engagement, environmental education and other village-based programmes. Based on Koh Rong island, the manager will also provide support to the Project Director and to other staff of the organisation and their programmes. 
Other requirements include:
•	Academic and professional background in environment and environment management (including minimum of a bachelors degree in a relevant field). 
•	At least three years experience working in the environment or community engagement field.
•	Excellent Khmer and English speaking and writing ability.
•	Proficiency in Word, XL and other Office programmes. 
•	Ability to work alongside others to achieve sustainable outcomes.
The Foundation is offering an excellent salary and benefits package for the correct candidate. Applicants should send a covering letter and CV to Wayne McCallum, wayne@songsaa.com . Only short-listed candidates will be contacted. 
","The Song Saa Foundation is committed to enhancing the health and wellbeing of the environment and people of the Koh Rong Archipelago, in southwest Cambodia. ",Publish Date：Mar-10-2014,Closing Date：Invalid date,"Contact Information Wayne Administration Manager 077 777 498 C/- 108e1, Street 19. Phnom Penh.  077 777 498"
9,https://www.camhr.com/a/job/10022748,Deputy Project Manager,Song Saa Foundation,Deputy Project Manager,Middle,3,1,$500-$999,Male/Female,23 ~ 35,"
          Full Time
        ","
          Project Management
        ","
          NGO/Charity/Social Services
        ","
          Bachelor Degree
        ","
          Khmer-- Excellent English-- Good
        ","
          Preah Sihanouk
        ","Deputy Project Manager
The Song Saa Foundation is devoted to promoting the health and wellbeing of the marine, land and human environment of the Koh Rong Archipelago, in southwest Cambodia.
The Foundation is seeking a Khmer national to run its community engagement, environmental education and other village-based programmes. Based on Koh Rong island, the manager will also provide support to the Project Director and to other staff of the organisation and their programmes. 
Other requirements include:
•	Academic and professional background in environment and environment management (including minimum of a bachelors degree in a relevant field). 
•	At least three years experience working in the environment or community engagement field.
•	Excellent Khmer and English speaking and writing ability.
•	Proficiency in Word, XL and other Office programmes. 
•	Ability to work alongside others to achieve sustainable outcomes.
The Foundation is offering an excellent salary and benefits package for the correct candidate. Applicants should send a covering letter and CV to Wayne McCallum, wayne@songsaa.com . Only short-listed candidates will be contacted. 
","Deputy Project Manager
The Song Saa Foundation is devoted to promoting the health and wellbeing of the marine, land and human environment of the Koh Rong Archipelago, in southwest Cambodia.
The Foundation is seeking a Khmer national to run its community engagement, environmental education and other village-based programmes. Based on Koh Rong island, the manager will also provide support to the Project Director and to other staff of the organisation and their programmes. 
Other requirements include:
•	Academic and professional background in environment and environment management (including minimum of a bachelors degree in a relevant field). 
•	At least three years experience working in the environment or community engagement field.
•	Excellent Khmer and English speaking and writing ability.
•	Proficiency in Word, XL and other Office programmes. 
•	Ability to work alongside others to achieve sustainable outcomes.
The Foundation is offering an excellent salary and benefits package for the correct candidate. Applicants should send a covering letter and CV to Wayne McCallum, wayne@songsaa.com . Only short-listed candidates will be contacted. 
","The Song Saa Foundation is committed to enhancing the health and wellbeing of the environment and people of the Koh Rong Archipelago, in southwest Cambodia. ",Publish Date：Mar-10-2014,Closing Date：Invalid date,"Contact Information Wayne Administration Manager 077 777 498 Preah Sihanouk C/- 108e1, Street 19. Phnom Penh.  077 777 498"
10,https://www.camhr.com/a/job/10022746,General Director Assistant,"First Spot Production Co., Ltd",General Director Assistant,Senior,1,1,Negotiable ,Female ,Age Unlimited,"
          Full Time
        ","
          Marketing
        ","
          Advertising/Media/Publishing/Printing
        ","
          Bachelor Degree
        ","
          English-- Good
        ","
          Phnom Penh
        ","- sales and Marketing function.
- Achieve sales target
- Establish and keep good relationship with existing and prospect customers and increase customer confidential
- Conduct market research and Survey
- Analyze market Situation.
- Propose planning and execution of sales and marketing effectively and efficiently
- Develop and increase all kinds of Customers and network.
- Committed with schedule of action plan per week
-Flexible to find Solution
- Perform other tasks as required by manager
- Prepare daily, week and monthly reports 
- Earn $300 more not include fixed salary
",#NAME?,"First Spot Production Co., Ltd (FSP) was legally established and registered under the license N0 Co. 0951 KH/2010 in the Ministry of Commerce and as a news agency of Information Ministry of the Royal Government of Cambodia; persistently, currently operates in well-developed procedures of its professional teams. 

FSP compiles with professional and skillful human resources who are long-term experienced and specialized in media advertising techniques, loose spot production, image spots, image editing with voice dubbing, and subtitling for over ten years. 

FSP is the first authorized company which legally lights and broadcasts all kinds of spots including: Loose Spot, logo-fix & Scrawling Spot, Logo-fix Spot, Scrawling Spot, and Sliding Spot within six big public markets and Sorya Shopping Center as the following:  

1- Phsar Thom Thmei (Central Market)
2- Orussey Market 
3- Tuol Tumpoung Market (Russian Market)
4- Kandal Market 
5- Doeumkor Market 
6- Chbar Ampou Market and
7- Sorya Shopping Center

These locations are gathered by the crowd of people; apparently, it attractively displays your products or/and services in realistic media advertising market to distribute information of your products or/and services to customers efficiently as well as build your brand name.  

Furthermore, we are planning to install many LCDs in other supermarkets and potential indoor settings both in Phnom Penh and provinces soon in order to create attractiveness and useful exposures to viewers and spectators nationwide of Cambodia. 

Our programs are displayed with high-definition resolutions, smooth sensor, brightly cool screens, and sole advanced technology 42-Inche LCD and LED W9.65m X L15m in Cambodia. Build your brand name to be seen, heard, and talked in the public. 
",Publish Date：Mar-10-2014,Closing Date：Invalid date,"Contact Information Taing Long Administration Manager 097 7252 666 #43A, St. 234, Phsar Doeumkor, Tuolkouk, Phnom Penh, Cambodia.  097 7252 666"
11,https://www.camhr.com/a/job/10022745,Sales & Marketing assistant,EDEUN D&C,Sales & Marketing assistant,Senior,1,2,Negotiable ,Male/Female,25 ~ 35,"
          Full Time
        ","
          Marketing
        ","
          Real Estate
        ","
          Bachelor Degree
        ","
          English-- Good
        ","
          Phnom Penh
        ","The Edeun D&C is a consulting company related to real estate marketing in Korea and is seeking qualified candidates to fill the position of carried out in the real estate business in Cambodia.

He/She is expected to co-lead a planning team with the ability to multitask consult and conduct coworkers.","- Bachelor’s degree in Asset Management & Real Estates or an requirement degree
- At least three years’ experience in Asset Management, Real Estates consulting & Financial Company
- Very good in Khmer and English, Speaking and writing
- Computer literacy(must be able to type Khmer Unicode well)
- Must be fully aware of and obey all the codes

Interested candidates should submit their cover letter and CV through e-mail address : steven00700@gmail.com; Tel: 012 497 670

Deadline: March 12, 2014

Note: Only short-list candidates will be contacted will be contacted for interview.",The Edeun D&C is a consulting company related to real estate marketing in Korea and is seeking qualified candidates to fill the position of carried out in the real estate business in Cambodia,Publish Date：Mar-12-2014,Closing Date：Apr-11-2014,"Contact Information Steven Park Marketing Manager 012497670 256 Street 598, Khan Russey Keo, Phnom Penh, Kingdom of Cambodia  012497670"
12,https://www.camhr.com/a/job/10022744,waiter / waitress,The Billabong Hostel,waiter / waitress,Middle,~,1,Negotiable ,~,Age Unlimited,"
          Full Time
        ","
          Hotel/Hospitality
        ","
          Hotel/Hospitality
        ","
          High School
        ","
          English-- Excellent
        ","
          Phnom Penh
        ","Skills, knowledge and experience required:

◦Excellent communications skills in spoken and written English;
◦Attention to detail and quality;
◦Guest oriented mindset;
◦Self-motivated, proactive and flexible; 


For all of these positions a significant experience will be a plus. However we welcome highly motivated persons, having a good presentation and driven to succeed in their career.

6am - 2pm","We are looking for motivated people to join our hotel team.
Experience is not essential.

please send cv in pdf format

Do not send certificates","Welcome to Phnom Penh, the city we love and the Billabong Hostel is located right in the heart of it. We are within a 5 minute walk from the Central Market. We offer great value accommodation for everyone. We have a selection of private rooms and shared dorm rooms for 6, 8 & 10 people",Publish Date：Jun-03-2014,Closing Date：Jun-18-2014,"Contact Information Andrew Newman   5, street 158  "
13,https://www.camhr.com/a/job/10022742,Printing technician,guanyang label(cambodia)ltd,Printing technician,~,~,~,Negotiable ,~,Age Unlimited,"
          Full Time
        ","
          Technician/Maintenance
        ","
          Clothing/Garment/Textile
        ","
          ~
        ","
          ~
        ","
          Phnom Penh
        ","
","need to know Rotary Pressing Machine, Flexible Pressing Machine and Numerical Control Printing Machine. have printing experience.",,Publish Date：Mar-19-2014,Closing Date：Apr-18-2014,"Contact Information Ms. Chenda Administration Manager 097 2166 287/078 833 787 Phnom Penh Building 3A/26/27# canadia industry park, Chaom chao,Porsenchey , Phnom Penh   097 2166 287/078 833 787"
14,https://www.camhr.com/a/job/10022741,Content Creator,Kite DS,Content Creator,Middle,~,1,Negotiable ,Male/Female,22,"
          Full Time
        ","
          Media/Advertising
        ","
          Advertising/Media/Publishing/Printing
        ","
          Bachelor Degree
        ","
          English-- Excellent
        ","
          Phnom Penh
        ","Kite Digital Solutions គឺជាក្រុមហ៊ុនផ្សព្វផ្សាយឌីជីថលនៅក្នុង ប្រទេសកម្ពុជា។ បច្ចុប្បន្នក្រុមហ៊ុនយើងខ្ញុំត្រូវការជ្រើសរើសបេក្ខភាព សំរាប់តំណែងជា អ្នកបង្កើតមាតិកា ចំនួន ១ កន្លែង។ បេក្ខភាពត្រូវ មានចំនេះដឹងភាសាអង់គ្លេសល្អ និង មានភាពច្នៃប្រឌិត។

Kite Digital Solutions is a digital marketing company in Cambodia and we are looking at potential candidates for the position of content creator. Creativity and a good level of English is required.","Good level of English is required.
Creativity ",,Publish Date：Mar-10-2014,Closing Date：Invalid date,Contact Information Tim Phaldaravid HR Manager 016722296 #210 AB Mao Tse Tung Blvd across from Intercon.   016722296
15,https://www.camhr.com/a/job/10022740,Travel & Tours ( Ticketing ),"Seagull Tourist & Trading Co., Ltd",Travel & Tours ( Ticketing ),Senior,~,1,Negotiable ,Female ,18 ~ 30,"
          Full Time
        ","
          Travel Agent/Ticket Sales
        ","
          Tourism
        ","
          Bachelor Degree
        ","
          Chinese-Mandarin-- Good English-- Good
        ","
          Phnom Penh
        ",". Booking air ticket
. Other tasks assigned by Manager",". Female 
. Able to speak Chinese & English
. Able to use basic computer skill (Word, Excel, ... )
. Honest, Responsible, and Punctual
. With or without experience
","Seagull Tourist & Trading Co., LTD. started operations in 2001 in Phnom Penh, the Capital City of Cambodia. This private limited company is running by a local owner with the aim of serving travel services to local and international tourists. 

With the expanding investment, we are paying special attention on moving up business effectiveness, improving service quality, developing new products and upgrading existing facilities for satisfying the diversified demands of our clients through our effective working system, reliable, and satisfied services providing by our staff.
",Publish Date：Jun-10-2014,Closing Date：Jul-10-2014,"Contact Information HR Department   Telegram : 016  33 69 69 370Eo, Sihanouk Blvd, Phnom Penh  Telegram : 016  33 69 69"
16,https://www.camhr.com/a/job/10022739,Internal Auditor,Daun Penh Cambodia Group,Internal Auditor,~,~,2,Negotiable ,~,Age Unlimited,"
          Full Time
        ","
          Audit/Taxation
        ","
          Legal Services
        ","
          Bachelor Degree
        ","
          English-- Good
        ","
          Phnom Penh
        ","•Determine scope of review in conjunction with the Chief Audit Executive
•Establish risk-based audit programs
•Prepare checklist/internal control questionnaires (ICQ) for each assignment
•Conduct risk assessment of assigned company or functional area based on audit schedule. 
• Review the adequacy and effectiveness of internal control systems of function audited  
•Conduct audit testing of specified area and identify reportable issues and dimension of risk 
•Know how to communicate at your level during entrance and exit meetings with auditees and communicate within the department effectively.
•Prepare audit work papers; write findings and comprehensive report to the Chief Audit Executive. 
•Other duties assigned as needed 
","• Bachelor’s degree in Accounting or Finance or ACCA preferred, but MBA in accounting or finance from accredited university is a plus. 
•Attended internal audit training
•Strong analytical, written/verbal communication, interpersonal, and relationship building skills 
•Fluent in English and Khmer
•Ability to adapt to change quickly and multi-task. 
•Understand people behavior
•junior role: 1 to 2 in internal auditing experiences. 
•Senior role: 3 to 5 years in internal auditing experiences.

Contact Information
Contact person: Kiv Sonissay
Phone: 023 216 222
Email: kivsonissay@dpcgroup.com.kh
Address: No.54,St. 214, Sangkat Boeng Raing, Khan Daun Penh, Phnom Penh","Originally set up as a trading venture in 2011 Daun Penh (Cambodia) group has since grown to cover over a dozen industries. Our mission is to make DPCG grow financially and sustainably in the preferred fields of agriculture, infrastructure, services and non-livestock. In order to maximize shareholder value by motivating our employees and selecting the best partners to deliver the best-quality products and service, to satisfy our customers, to support our mission, we are guided by our commitment to our core value, good cooperate governance, synergy, the community, diversity and the environment. Our vision is to be a leading conglomerate with a diversified and well-rounded portfolio, widely known and respected in Cambodia and in the region. Our mission is to grow DPCG sustainably across our preferred industry sectors; agriculture, infrastructure development, services, trading and non-live stocks Providing customer satisfaction: We are dedicated to satisfying customer needs and honoring commitments that we have made of them.",Publish Date：Mar-10-2014,Closing Date：Invalid date,"Contact Information Chhin Malinet  023 216 222 No. 54, Street 214, Sangkat Boeng Raing, Khan Daun Penh, Phnom Penh, Kingdom of Cambodia  023 216 222"
17,https://www.camhr.com/a/job/10022738,Designer,guanyang label(cambodia)ltd,Designer,~,~,~,Negotiable ,~,Age Unlimited,"
          Full Time
        ","
          Design
        ","
          Clothing/Garment/Textile
        ","
          ~
        ","
          ~
        ","
          Phnom Penh
        ",,,,Publish Date：Mar-19-2014,Closing Date：Apr-18-2014,"Contact Information Ms. Chenda Administration Manager 097 2166 287/078 833 787 Phnom Penh Building 3A/26/27# canadia industry park, Chaom chao,Porsenchey , Phnom Penh   097 2166 287/078 833 787"
18,https://www.camhr.com/a/job/10022737,Designer ,CDL-HR ,Designer ,Middle,1,1,Negotiable ,Male/Female,20 ~ 40,"
          Full Time
        ","
          Design
        ","
          Information Technology
        ","
          Bachelor Degree
        ","
          Japanese-- Good English-- Good
        ","
          Phnom Penh
        ","- Surface , graphic Design (web 3D, graphic Design etc.)
- Creative Design
- Use PhotoShop, Illustrator ... 
- Assist to Japanese staff ","- Must have working experiences in related field, graphic design... (Can use Photoshop and Illustrator well)  
- Good Japanese and English for communication (reading, speaking and writing)
- Be honest and good interpersonal skills 
- Have creative flair, originality and a strong visual sense
strong computer skills
- Confidence, to present and explain ideas to clients and colleagues
- Has an interest in graphics and Design 
- Ability to pay attention to detail
- The ability to balance work on several projects at a time
good team working skills
flexibility

JA 316

Working Hour: 8:00 -17:00 (Mon-Sat)
Salary: 250$-500$ (Negotiable depending on skills and experiences)

Benefits: Corporate housing/Over time

HOW TO APPLY FASTER
Contact Person: Ms. Sophany
Address: #298, Monivong Blvd., Tous Les Jours Monivong Building 1st floor, Phnom Penh
Telephone: 023 964 864 / 023 555 0118
Email: sophany.cdl.kh@gmail.com","

Creative Diamond Links Human Resources (CDL HR),is the best leading recruitment company, provides high quality recruitment and HR services to local and foreign companies in Cambodia. 
At the same time, we provide career counseling to the Cambodian workforce and introduce the best qualified candidates to you, giving you the freedom to leverage saving time and effort while being able to employ the best people for your company. 
Specialized services by our international team of HR Consultants are available to you in English, German, Khmer, Japanese, Chinese and Korean.


",Publish Date：Mar-10-2014,Closing Date：Apr-09-2014,"Contact Information HR Officer   023 964 764 Tous Les Jours Monivong Building,1st Floor, #298, Preah Monivong Blvd. Sagnkat Boeung Raing,Khan Daun Penh, Phnom Penhh.  023 964 764"
19,https://www.camhr.com/a/job/10022736,Ground Operation,"Seagull Tourist & Trading Co., Ltd",Ground Operation,Senior,1,10,Negotiable ,Male,18 ~ 35,"
          Full Time
        ","
          Travel Agent/Ticket Sales
        ","
          Tourism
        ","
          Bachelor Degree
        ","
          English-- Good
        ","
          Phnom Penh
        ","+ Ground Operation : (1Position) - Full Time 
   - Male (Age : 25-35 old  
  - High School (Grade 12), Degree qualified is preferred
  - Can speak English daily conversation level
  - Computer skills (Ms. Word, Excel, Internet & Email)
  - Offered : Salary $120 up + Bonus + Gasoline + Phone fee

+ Tuxi Car Service (Siem Reap)  
  1. Reservation Department : (2Position)
  - Male (Age : 25-35 old )
  - Time Working : (05:00pm – 11:00pm)  
  - High School (Grade 12), Degree qualified is preferred
  - Can speak English daily conversation level
  - Computer skills (Ms. Word, Excel, Internet & Email)

  2. Driver:(2Position)
  - Age 25 years old up
  - Driving permit of B2
  - 1 Year experience
","  - Establish and maintain current relationship.
  - Ensure all arrangement is completed in accuracy and timely manner
  - Strongly in logical thinking and be able to handle all operations department
  - Computer skills (Ms. Word, Excel, Internet & Email)
  - Be able to work under pressure and independently
  - Honest, hardworking, intelligent and has good attention to detail and who works well with people

HOW TO APPLY
Interested candidates please send your CV and Cover Letter to address below:
Email: manager@maylinexpress.com / sgtour@camnet.com.kh/manager@seagulltourist.com 



","Seagull Tourist & Trading Co., LTD. started operations in 2001 in Phnom Penh, the Capital City of Cambodia. This private limited company is running by a local owner with the aim of serving travel services to local and international tourists. 

With the expanding investment, we are paying special attention on moving up business effectiveness, improving service quality, developing new products and upgrading existing facilities for satisfying the diversified demands of our clients through our effective working system, reliable, and satisfied services providing by our staff.
",Publish Date：Mar-10-2014,Closing Date：Apr-09-2014,"Contact Information Mr. Sou Phirak Operation Director 017 969 089, 012 774 868 370Eo, Sihanouk Blvd, Phnom Penh  017 969 089, 012 774 868"
20,https://www.camhr.com/a/job/10022735,Medical Representative,Daun Penh (Cambodia) Group,Medical Representative,Middle,1,1,Negotiable ,~,Age Unlimited,"
          Full Time
        ","
          Medical/Health/Nursing
        ","
          Health/Personal Care
        ","
          Bachelor Degree
        ","
          English-- Good
        ","
          Phnom Penh
        ","•	To present, sale and promote our products according to company strategy
•	To develop our products image among physicians in line with company vision and ethics
•	To organize scientific events and ensure optimal implementation to physicians in assigned area (survey, medical meetings, roundtables, symposia, congresses)
•	To prepare all plan related to the field job as (Doctor list, Master list, Tour plan, Report)
•	To analyze results and situations, monitor competitors’ activities and adjust action plan in accordance with management strategies.
•	To prepare and report daily plan, weekly plan and monthly plan.
","•	Educational background as Medical doctor, Pharmacy, midwife or nurse 
•	Experience in related field and pharmaceutical company
•	Be entrepreneurial, a leader, adaptable, and passionate person
•	Honest, good at planning, communication, and problem solving skills
•	Computer literacy (PowerPoint, Ms. Word/ Excel)
•	Language Requirement: Good command of English

Contact Details
Address: 	Building No. D3, Street 169, S/K Veal Vong, Khan 7 Makara, Phnom Penh, Cambodia. 
Name: 	Soeung Leang Hour 
Phone: 	066 78 55 78 
Email: 	leanghour@dpm.com.kh 
","Originally set up as a trading venture in 2011 Daun Penh (Cambodia) group has since grown to cover over a dozen industries. Our mission is to make DPCG grow financially and sustainably in the preferred fields of agriculture, infrastructure, services and non-livestock. In order to maximize shareholder value by motivating our employees and selecting the best partners to deliver the best-quality products and service, to satisfy our customers, to support our mission, we are guided by our commitment to our core value, good cooperate governance, synergy, the community, diversity and the environment. Our vision is to be a leading conglomerate with a diversified and well-rounded portfolio, widely known and respected in Cambodia and in the region. Our mission is to grow DPCG sustainably across our preferred industry sectors; agriculture, infrastructure development, services, trading and non-live stocks Providing customer satisfaction: We are dedicated to satisfying customer needs and honoring commitments that we have made of them.",Publish Date：Mar-10-2014,Closing Date：Invalid date,"Contact Information Ouk Sopheaktra  023 216 222 Building No. D3, Street 169, S/K Veal Vong, Khan 7 Makara, Phnom Penh, Cambodia.   023 216 222"
21,https://www.camhr.com/a/job/10022734,Internal Auditor,Daun Penh (Cambodia) Group,Internal Auditor,~,~,2,Negotiable ,~,Age Unlimited,"
          Full Time
        ","
          Audit/Taxation
        ","
          Legal Services
        ","
          Bachelor Degree
        ","
          English-- Good
        ","
          Phnom Penh
        ","•Determine scope of review in conjunction with the Chief Audit Executive
•Establish risk-based audit programs
•Prepare checklist/internal control questionnaires (ICQ) for each assignment
•Conduct risk assessment of assigned company or functional area based on audit schedule. 
•Review the adequacy and effectiveness of internal control systems of function audited  
•Conduct audit testing of specified area and identify reportable issues and dimension of risk 
•Know how to communicate at your level during entrance and exit meetings with auditees and communicate within the department effectively.
•Prepare audit work papers; write findings and comprehensive report to the Chief Audit Executive. 
•Other duties assigned as needed 
","• Bachelor’s degree in Accounting or Finance or ACCA preferred, but MBA in accounting or finance from accredited university is a plus. 
•Attended internal audit training
•Strong analytical, written/verbal communication, interpersonal, and relationship building skills 
•Fluent in English and Khmer
•Ability to adapt to change quickly and multi-task. 
•Understand people behavior
•junior role: 1 to 2 in internal auditing experiences. 
•Senior role: 3 to 5 years in internal auditing experiences.

Contact Information
Contact Person: Kiv Sonissay
Phone:023 216 222
Email: kivsonissay@dpcgroup.com.kh
Address: No. 54, St. 214, Sangkat Boeng Raing, Khan Daun Penh, Phnom Penh","Originally set up as a trading venture in 2011 Daun Penh (Cambodia) group has since grown to cover over a dozen industries. Our mission is to make DPCG grow financially and sustainably in the preferred fields of agriculture, infrastructure, services and non-livestock. In order to maximize shareholder value by motivating our employees and selecting the best partners to deliver the best-quality products and service, to satisfy our customers, to support our mission, we are guided by our commitment to our core value, good cooperate governance, synergy, the community, diversity and the environment. Our vision is to be a leading conglomerate with a diversified and well-rounded portfolio, widely known and respected in Cambodia and in the region. Our mission is to grow DPCG sustainably across our preferred industry sectors; agriculture, infrastructure development, services, trading and non-live stocks Providing customer satisfaction: We are dedicated to satisfying customer needs and honoring commitments that we have made of them.",Publish Date：Mar-10-2014,Closing Date：Invalid date,"Contact Information Kiv Sonissay  +855-23-216-222 Address	: No. 54, Street 214, Sangkat Boeng Raing, Khan Daun Penh, Phnom Penh, Kingdom of Cambodia  +855-23-216-222"
22,https://www.camhr.com/a/job/10022733,Procurement Officer (Raw Material Officer) (Full time),SEK MEAS RICE MILL,Procurement Officer (Raw Material Officer) (Full time),~,1,2,Negotiable ,~,25 ~ 40,"
          Full Time
        ","
          QC/QA
        ","
          Manufacturing
        ","
          Others
        ","
          ~
        ","
          Kampong Cham
        ","-	Able to check the paddy quality (moisture, damage, foreign matter, etc.) 
-	Make sure all raw materials (paddy) are checked according to standard before unloading.
-	Manage the unloading from truck of paddy.
-	Able to control the drying procedure of drying machine.  
-	Make daily report for paddy purchase in and out.  
-	Report to manager of daily transaction. 
","-	Candidate must be male of the age between 25 to 40 years. 
-	Candidate must at least graduate grade 12 or higher in agricultural sector. 
-	Candidate must hold one-year experience in this field.
-	Able to making report in Khmer and English to manager. 
-	Acquainted with English skill is a priority.
-	Multi-tasking ability, self-motivated/ patient and enthusiastic



How to Apply:
Candidate can send Curriculum Vitae and Cover Letter through online or following address. Only shortlists will be contacted for interview at Sek Meas Rice Mill office. 
","SEK MEAS RICE MILL. is one of leading rice exporters in Cambodia. We have been in rice sector for decades. Our operation is based on rice production and export. We are supplying varieties of products to both local and international market. Our main products are Jasmine Rice, Long grain white rice, and broken Rice.Due to our capacity development, we are seeking for potential candidates to fill in vacancy as:

រោងម៉ាស៊ីនស្រូវ សេកមាស គឺជារោងម៉ាស៊ីនស្រូវមួយដែលឈានមុខគេក្នុងការនាំអង្ករចេញនៅក្នុងប្រទេសកម្ពុជា។ យើងបាននៅក្នុងវិស័យស្រូវអង្ករជាច្រើនទសវត្សមកហើយដោយប្រតិបត្តិការរបស់យើងគឺផ្អែកទៅលើការផ្គត់ផ្គង់អង្ករទាំងទីផ្សារជាតិ និង អន្តរជាតិ។ អាស្រ័យទៅលើការអភិវឌ្ឍប្រកបដោយភាពជោគជ័យ យើងកំពុងតែស្វែករកនូវបេក្ខជនដែលមានសមត្ថភាពក្នុងការបំពេញតួនាទី ដូចខាងក្រោម៖

",Publish Date：Mar-10-2014,Closing Date：Apr-09-2014,"Contact Information Ms. Chenda Operation Director 042 665 9 666 National Road 6A, Ta Sen Village, Sotep Commune, Cheung Prey District, Kampong Cham Province.   042 665 9 666"
23,https://www.camhr.com/a/job/10022732,Sale Excutive,"To Bora Import Export Co.,ltd",Sale Excutive,Fresh Graduate,1,~,Negotiable ,Male/Female,20 ~ 27,"
          Full Time
        ","
          Sales
        ","
          Cosmetics & Beauty
        ","
          High School
        ","
          English-- Fair
        ","
          Phnom Penh
        ",,,"Requirement:

+ Sale Excutive: 
- 1 or 2 years experience
- 20 years old up
- Graduated from high school or Bachelor's degree
- Be able to work on weekend/ public holiday
- Good Solving the problem 
- Willing to learn new thing 
- Good team work
- Good personal, friendly and good communication
- have own transportation 

+ Driver 
- Delivery Detergent Powder to Province
- 1 year experience
- Have Driving License(C)
- honest and Hard Working 
- Follow company Pliccy",Publish Date：Mar-10-2014,Closing Date：Invalid date,"Contact Information Mr. Sanchandara Sales Manager 010 223 203/ 0979 712 999 # 9 I, St. 99, Sangkat Toul Sangke, khan Russey Keo, Phnom Penh  010 223 203/ 0979 712 999"
24,https://www.camhr.com/a/job/10022731,Shop Assistance,Gold One Computer,Shop Assistance,~,~,2,Negotiable ,Female ,18 ~ 25,"
          Full Time
        ","
          Sales
        ","
          Wholesale/Retail
        ","
          ~
        ","
          ~
        ","
          Phnom Penh
        ","We are one of the leading IT product retailer and wholesaler, located along Kampuchea Krom Blvd., now seeking for qualify candidates to fill the position of Shop Assistance.

REQUIREMENTS:
- Friendly and talkative
- Be honest and hard working.
- Has relevant experience (no experience is also encourage)

*We offer reasonable salary plus high commission


","REQUIREMENTS:
- Friendly and talkative
- Be honest and hard working.
- Has relevant experience (no experience is also encourage)

*We offer reasonable salary plus high commission


HOW TO APPLY :
Interesting candidates shall send your CV by one of following method
-Company Address: No.405-407Eo, Kampuchea Krom Blvd., Phnom Penh
-Email: goldonecomputer@gmail.com",,Publish Date：Mar-10-2014,Closing Date：Apr-09-2014,"Contact Information   012 909 878 405-407Eo, Kampuchea Krom Blvd., Sangkat Phsar Depor 3, Khan Toul Kok  012 909 878"
25,https://www.camhr.com/a/job/10022729,Teacher of English,The Apple International School,Teacher of English,~,2,2,Negotiable ,~,Age Unlimited,"
          Full Time
        ","
          Education/Training
        ","
          Education
        ","
          Bachelor Degree
        ","
          English-- Good
        ","
          Poipet
        ",,,"The Apple International School is a renowned school located in Poi Pet near the border of Thailand. Due to our expansive programs and reputation for excellence, we have surpassed all expectations locally in education and find ourselves growing at a tremendous pace. 

We offer students with top-notch facilities, excellent qualified English and Khmer teachers, high quality uniforms, British and American English curriculum, pronunciation classes and more! 

Our school provides children with not only a hot meal for lunch; however, we assist with nap time at our Kindergarten location and provide a swimming pool, breakfast facility and more at our General Education Program facility. 

It is our honor to uphold The Kingdom of Cambodian Moral Code and we strive to provide excellent education to all students including our Teacher Assistants. 

As we grow, we expect our staff will grow with us and we are progressing as one of the top employers in Poi Pet. 

Charity is a big part of our mission and we firmly believe in giving back to the Cambodian people by helping those in need such as giving pencils to villages in need, donating funds for local hospitals and more. 
",Publish Date：Mar-10-2014,Closing Date：Apr-09-2014,"Contact Information Kathy HR Manager 0967334852 No. 23-24, St. 5, Sangkat Poi Pet, Poi Pet Town, Banteay Meanchey Province, Cambodia.  0967334852"
26,https://www.camhr.com/a/job/10022728,Channel Manager,Khmer Holding Group ,Channel Manager,Top,~,2,Negotiable ,~,Age Unlimited,"
          Full Time
        ","
          Marketing
        ","
          Telecommunication
        ","
          Master Degree
        ","
          Chinese-Cantonese-- Good
        ","
          Phnom Penh
        ","1. Familiar with telecom terminal situation in Phnom Penh as well as Cambodia
2. Have Resources of hand phone Chain Channel and hand phone stores.
3. Experience in the development of Hand phone Chain Channel.
4. Self-confidence, enthusiasm, and good communication skills
5. Good team spirit and can work independently, and professionally.
6. Clear Thinking and cheerful

","-Can speak Chinese, Khmer and some English.
-Work experience at least 2 years
-Good at Computer skill ",,Publish Date：Mar-11-2014,Closing Date：Apr-10-2014,"Contact Information HR Department  023 48 60007 Khmer Tower 2nd Floor, Russia Federation Blvd, Sangkat Toul Thla, khan Sen Sok, Phnom Penh, Kingdom of Cambodia  023 48 60007"
27,https://www.camhr.com/a/job/10022727,Marketing Assistant,Khmer Holding Group ,Marketing Assistant,Middle,~,2,Negotiable ,~,Age Unlimited,"
          Full Time
        ","
          Marketing
        ","
          Telecommunication
        ","
          Bachelor Degree
        ","
          English-- Good
        ","
          Phnom Penh
        ","-Good at speaking and writing in English, Chinese or   other language.
- At least 2 year experience in sale and marketing. 
- Good at computer skill (Ms. word, Ms. Excel PPT, PS).
",#NAME?,,Publish Date：Mar-11-2014,Closing Date：Apr-10-2014,"Contact Information HR Department  023 48 60007 Khmer Tower 2nd floor, Russia Federation Blvd, Samgkat Toul Thla, Khna sen Sok, Phnom Penh , Kingdom of Cambodia  023 48 60007"
28,https://www.camhr.com/a/job/10022726,Sales & Marketing,Home Living,Sales & Marketing,~,2,6,Negotiable ,~,Age Unlimited,"
          Full Time
        ","
          Marketing
        ","
          Others
        ","
          ~
        ","
          English-- Good Chinese-Mandarin-- Good
        ","
          Phnom Penh
        ","Home Living is today’s market leader in the bed and bath product industry and enjoys a reputation for quality and service excellence. We are now looking for ?confident and education employee to work as full time marketing, sale and Technician.

- Marketing of selling mattress (2 person)
- Marketing of selling carpet (2 person)
- Marketing of selling sanitary ware (2 person)","- Good of speaking and writing in English, Chinese or other language.
- Strong negotiation and solve problem to customer.
- Honest to work independently. 
- At least 2 year experience in sale and marketing. 
- Good in computer skill (Ms word & Ms Excel)

Interested candidates, please send CVs and cover letter to the contact information below.","Home Living is today’s market leader in the bed and bath product industry and enjoys a reputation for quality and service excellence. Hence strengthening the core of our main focus in striving to achieve the very best. In developing new ideas and better ways to serve the people needs, Home living has always pride ourselves of offering the very best of quality that the world could offer in products and services. A real one stop shopping complex for the supply of every home related product from a soap dish to a complete room revamp. Quality is of prime importance to us, but sold at the fairest price. We pride ourselves on the highest level of customer care and after sales support. For these and many other reasons as you will see in our website the Home Living concept is unique. We are now looking for confident and education employee to work as full time Administrator",Publish Date：Mar-10-2014,Closing Date：Mar-20-2014,"Contact Information Officer  023 6333 475  No. 66, Mao Tse Tung Blvd. Phnom Penh  023 6333 475 "
29,https://www.camhr.com/a/job/10022725,Administrative Assistant,KIM HOUT Company,Administrative Assistant,Fresh Graduate,1,1,<$200,Female ,20 ~ 30,"
          Full Time
        ","
          Administration
        ","
          Architecture/Building/Construction
        ","
          Others
        ","
          English-- Fair
        ","
          Phnom Penh
        ","1.Scope of working:
- The Admin Support Specialist is reporting directly to Manager and responsible for executing day to day support of business operation in term of administration.

2.Duties & responsibilities:
- Office maintenance, document in and out,
- Preparing invoice to deliver to the customer
- Plan and organize administrative support activities,
- Carry out office renovation and maintenance project, manage fleet,
- Provide administrative support assign by direct manager.

3.Working Days and Hours
- Monday to Sunday: 7:00am to 12:00pm & 1:00pm to 5:00pm
- Lunch time: 12:00pm to 1:00pm (included)","Qualification & requirement:
- administration skill and other relevant fields;
- At least useful 1+ year work experience is a plus advantage;
- Proficiency in using Microsoft Office;
- Ability to work under tight time constraint;
- Good verbal and written English and Khmer communication skills;
- Good management skills, interpersonal skills, and problem solving skills;
- Be friendly, flexible, honestly, hard-working, integrity and willing to work as a team",,Publish Date：Mar-10-2014,Closing Date：Invalid date,Contact Information Theara Heng Operation Director 085 555 985  null  085 555 985
30,https://www.camhr.com/a/job/10022724,EDITORIAL ASSISTANT (Author for kid stories),Saint Blanquat & Associates,EDITORIAL ASSISTANT (Author for kid stories),Middle,~,3,Negotiable ,Male/Female,Age Unlimited,"
          Full Time
        ","
          Others
        ","
          NGO/Charity/Social Services
        ","
          Bachelor Degree
        ","
          English-- Good
        ","
          Phnom Penh
        ","SUMMARY OF POSITION


Our client is a NGO that has been a reliable partner to Ministry of Education since 1993 to help reduce illiteracy in Cambodia by promoting reading interests and publishing quality books. Editoral Assistant will in charge of editing all related books for pubishing.
MAIN DUTIES AND RESPONSIBILITIES


• Participate actively in the editorial and production structures of Non Fiction Collections: search for authors and artists (illustrator and photographer), monitor and coordinate with artists and other contributors (translator, designer, proof reader), and organize reading committees
• Write and rewrite texts in Khmer
• Translate and check the Khmer translations from French or English texts
• Participate in the production level (printing): proof and color checking
• Participate in activities related to the books promotion and sale: exhibition, fair…

Reporting
• To the DIRECTOR and CHIEF EDITOR
","REQUIREMENTS


• Nationality: Cambodian
• University degree in Sciences (History, Geography, Science of Earth, Biology, Journalism, Teaching...)
• Minimum 2 years working experiences required, preferably in a field related to research, journalism, teaching translation or literature
• Excellent in Khmer writing
• Good level of English, French is a plus
• Good in general literary and visual, critical sense
• Ability to work in a team, come up with new initiative and strong willing to learn
• Have strong interest in reading books


SALARY RANGE

$350-$400 ",We are professionals in HR and MANAGEMENT CONSULTING based in Cambodia and engaged across South East Asia. We maximise the EFFICIENCY and the PRODUCTIVITY of YOUR ORGANIZATION.,Publish Date：Mar-10-2014,Closing Date：Apr-09-2014,"Contact Information Saint Blanquat & A.  +855235445005 #21, street 214, Phnom Penh, Cambodia  +855235445005"
31,https://www.camhr.com/a/job/10022723,PRODUCT OFFICER ,Saint Blanquat & Associates,PRODUCT OFFICER ,Middle,3,3,$200-$500,~,Age Unlimited,"
          Full Time
        ","
          Travel Agent/Ticket Sales
        ","
          Tourism
        ","
          Bachelor Degree
        ","
          English-- Good
        ","
          Phnom Penh
        ","SUMMARY OF POSITION


Our clients a Handling Agent, organizing tours and travels for tourists and corporate clients coming from all over the world. The Product Officer will in charge of product development to gain competitive price rate and quality.
MAIN DUTIES AND RESPONSIBILITIES


• Search and initiate new ideas, information to develope products
• Be on site at hotel, resturants, tourist site to inspect and get as much information as required
• Prepare and send proposals (programs & rates) to tour operators and travel agencies.
• Assist other departments as much as required to provide new ideas to new programmes
• Prepare daily report for management level
• Perform other tasks as assigned

Requirements
Product Manager/Contracting Manager","REQUIREMENTS


• A bachelor degree of Tourism-Related field or equivalent;
• Experience in Travel & Tourism will be a plus;
• Very good level of English (both written and oral)
• Proficient with Microsoft Word, Excel, PowerPoint and the use of Internet;
• High level of commitment, service minded and strong work ethic;
• Able to work under pressure, independently as well as within a team
• Flexible working hours as work load can become intense during high season

SALARY RANGE

$420-$520 ",We are professionals in HR and MANAGEMENT CONSULTING based in Cambodia and engaged across South East Asia. We maximise the EFFICIENCY and the PRODUCTIVITY of YOUR ORGANIZATION.,Publish Date：Mar-10-2014,Closing Date：Apr-09-2014,"Contact Information Saint Blanquat & A.  +855235445005 #21, street 214, Phnom Penh, Cambodia  +855235445005"
32,https://www.camhr.com/a/job/10022722,HR & ACCOUNTING ASSISTANT,Saint Blanquat & Associates,HR & ACCOUNTING ASSISTANT,Middle,~,2,Negotiable ,Male/Female,Age Unlimited,"
          Full Time
        ","
          Manufacturing
        ","
          Manufacturing
        ","
          Bachelor Degree
        ","
          Chinese-Mandarin-- Good English-- Good
        ","
          Phnom Penh
        ","SUMMARY OF POSITION

Our client is a manufacturer, producing most of the collection, essentially textile, in its several factories in Asia. All Research & Development, Sales & Marketing and logistics are managed from its headcounter in Europe.
The Human Resources Manager will be in charge of implementation and follow-up of HR policy, processes and tools to maximize the operational effectiveness and people strategies.

MAIN DUTIES AND RESPONSIBILITIES

Accounting:
• End to end processing of company’s payroll(s).
• Collate information for above, process, produce reports and journals and file.
Prepare and remit monthly superannuation contributions and quarterly employee statements.
• Preparation of various payroll related reports for managers.
• Termination and redundancy calculations as required.
• End of year processing and reconciliation including payment summaries.

Human Resources:
• Co-ordination and management of workers compensation.
• Preparation of employee contracts and letters of offer/rejection.
• Provide advice regarding employee and industrial relations issues.
• Organise recruitment and selection including advertising, short listing applicants and correspondence.

Reporting
• Human Resources Manager","REQUIREMENTS

• At least 2 years of experience in a HR position (factory experience preferred)
• Bachelor degree
• Fluent in Khmer and English, spoken and written / Chinese speaking required
• Able to work under pressure
• Excellent organizational skills, attention to details
• Good and positive attitude; team player
• Demonstrated end to end payroll processing and HR assistance experience.
• Excellent written and spoken communication and interpersonal skills.
• Numerical ability and data entry skills.
• Understanding of payroll and HR legislation and processes

SALARY RANGE

$400-$600 ",We are professionals in HR and MANAGEMENT CONSULTING based in Cambodia and engaged across South East Asia. We maximise the EFFICIENCY and the PRODUCTIVITY of YOUR ORGANIZATION.,Publish Date：Mar-10-2014,Closing Date：Apr-09-2014,"Contact Information Saint Blanquat & A.  +855235445005 #21, street 214, Phnom Penh, Cambodia  +855235445005"
33,https://www.camhr.com/a/job/10022721,QUALITY PRODUCTION LEADER (FOOTWEAR) ,Saint Blanquat & Associates,QUALITY PRODUCTION LEADER (FOOTWEAR) ,Top,~,4,$500-$999,Male/Female,Age Unlimited,"
          Full Time
        ","
          Marketing
        ","
          Sports & Recreation
        ","
          Professional Degree
        ","
          English-- Good
        ","
          Phnom Penh
        ","SUMMARY OF POSITION


Our client is one of the leading international company specialized in designing, sourcing and manufacturing sports products and brands products. As key stakeholder of lean manufacture, the quality production leader will be based in partner factory and will manage the production quality from sample to mass production.
He/She works closely both with purchasers in headquarter in France and supplier in Cambodia to achieve and maintain footwear production efficiency and, most importantly, an unwavering dedication to the quality of the final product.

MAIN DUTIES AND RESPONSIBILITIES


• Source, select and manage suppliers.
• Develop and industrialize new products with clear development planning per category, based on defined range, sport-specific demanded and financial goals.
• Provide production and stock plans
• Manage the production line to reach the dead line
• Master and optimize product costs (negotiate prices with suppliers and manage the performance of ranges)
• Maximize efficiencies and performance across manufacturing area
• Ensure that quality standards are achieved and maintained in the manufacturing area (quality, safety, environment, toxicology and social compliance).
• Identify production and supply difficulties and deal with any problems or delays

Reporting
• To the team Manager","REQUIREMENTS


• Ability to define problems, to collect data, to establish facts and draw valid conclusions
• Ability to deal with critical deadlines and prioritize actions
• University graduated with major in engineering or foreign trade, industrial management, economic, import/export.
• Excellent in English.
• Proficiency with MS Office Suite and working with systems/application, with a focus on Advanced Excel and or Access skills
• Experience working in planning, supply chain or merchandising
• Understanding about production, especially in textile/ garment/ footwear industries would be an advantage
• Decision maker and high level of responsibility
• Be a team player with strong communication and presentation skills, written and verbal.
• Practice sport. (Working knowledge of the category for which he/she will be buying: will need working knowledge of sport casual fashion and seasons)
• Initiative & intelligent judgment,
• Strong-minded and self-confident.

SALARY RANGE

$500-$600 ",We are professionals in HR and MANAGEMENT CONSULTING based in Cambodia and engaged across South East Asia. We maximise the EFFICIENCY and the PRODUCTIVITY of YOUR ORGANIZATION.,Publish Date：Mar-10-2014,Closing Date：Apr-09-2014,"Contact Information Saint Blanquat & A.  +855235445005 #21, street 214, Phnom Penh, Cambodia  +855235445005"
34,https://www.camhr.com/a/job/10022720,RECEPTIONIST (Male Only) (KEP) ,Saint Blanquat & Associates,RECEPTIONIST (Male Only) (KEP) ,Entry Level,~,3,Negotiable ,Male,Age Unlimited,"
          Full Time
        ","
          Hotel/Hospitality
        ","
          Hotel/Hospitality
        ","
          ~
        ","
          English-- Good
        ","
          Kep
        ","SUMMARY OF POSITION

Our client is one of the leading Hotel and Resort in Kep City, providing the exclusive accommodation to the customers along with sailing service. The receptionist will take charge of daily customer’s hospitality.
MAIN DUTIES AND RESPONSIBILITIES

- Check- in guest with an efficient and friendly manner
- Assuring the right assigned room with the right key issued as well as proper luggage delivery
- Check out guest at end of stay, collecting keys, issue the accurate bill
- Makes change, cashes checks, exchanges foreign currency. Reconciles all transactions at the close of each shift.
- Assist guests and resolve customer complaints with high responsibility and an in an accurate and timely manner/ Interact with guest in person and by phone
- Handle reservation and responsible for any changes and cancellation","REQUIREMENTS

- At least one year relevant experience/graduated from tourism & hospitality field
- Be energetic and willing to resolve conflicts and serving best for customers
- Have a good interpersonal skill
- Have a good communication and customer interaction
- Be able to work under pressure
- Good level of English
",We are professionals in HR and MANAGEMENT CONSULTING based in Cambodia and engaged across South East Asia. We maximise the EFFICIENCY and the PRODUCTIVITY of YOUR ORGANIZATION.,Publish Date：Mar-10-2014,Closing Date：Apr-09-2014,"Contact Information Saint Blanquat & A.  +855235445005 #21, street 214, Phnom Penh, Cambodia  +855235445005"
35,https://www.camhr.com/a/job/10022719,COMMIS CHEF,Saint Blanquat & Associates,COMMIS CHEF,Entry Level,~,4,$200-$500,Male/Female,Age Unlimited,"
          Full Time
        ","
          Hotel/Hospitality
        ","
          Food & Beverages
        ","
          Professional Degree
        ","
          English-- Good
        ","
          Phnom Penh
        ","SUMMARY OF POSITION

Our client is one of the leading Hotel and Resort in Kep City, providing the exclusive accommodation to the customers along with sailing service. The Commis Chef will take charge of daily activities, food preparation and maintaining the procedure within in the kitchen
MAIN DUTIES AND RESPONSIBILITIES

• Report the daily basis activities and information to Chef De Parited on operational and personal matters
• Prepare food on time and meet quality, quantity and safety standard
• Maintain hygiene in all assigned area, including refrigerators, freezers etc
• Ensure that procedure are followed by all levels in the kitchen
","REQUIREMENTS

• Ability to work under pressure
• Must be hard-working and reliable
• Ability to work under people’s direction and leadership
• Having relevant trainings at PSE, Friends, Donbosco School or any other related institutes/schools",We are professionals in HR and MANAGEMENT CONSULTING based in Cambodia and engaged across South East Asia. We maximise the EFFICIENCY and the PRODUCTIVITY of YOUR ORGANIZATION.,Publish Date：Mar-10-2014,Closing Date：Apr-09-2014,"Contact Information Saint Blanquat & A.  +855235445005 #21, street 214, Phnom Penh, Cambodia  +855235445005"
36,https://www.camhr.com/a/job/10022718,EXECUTIVE CHEF (SIHANOUK VILLE) ,Saint Blanquat & Associates,EXECUTIVE CHEF (SIHANOUK VILLE) ,Top,~,~,$500-$999,Male/Female,Age Unlimited,"
          Full Time
        ","
          Hotel/Hospitality
        ","
          Hotel/Hospitality
        ","
          Professional Degree
        ","
          English-- Good
        ","
          Preah Sihanouk
        ","SUMMARY OF POSITION


Our Client is the Cambodian subsidiary of an international company producing TV shows and running resorts dedicated to tourism and TV production. The Executive Chef will be in charge of the resort restaurant, both for guests and TV production crew.
MAIN DUTIES AND RESPONSIBILITIES


• Manage the kitchen staffs and ensure agreed standards are achieved
• Develop menu and products to maximize both quality and profitability
• Create new menu for both Asian & Western cuisine
• Ensure the equipment is properly maintenance
• Motivate, monitor and training kitchen staffs

Reporting to
• General Manager","REQUIREMENTS


• Strong F&B kitchen and Hospitality background
• Strong competency in international cuisine
• Must be able to commit to long working hours as required and live in a remote area
• Hands-on Professional with strong leadership
• English and Khmer languages fluently spoken

SALARY RANGE

$800-$900 ",We are professionals in HR and MANAGEMENT CONSULTING based in Cambodia and engaged across South East Asia. We maximise the EFFICIENCY and the PRODUCTIVITY of YOUR ORGANIZATION.,Publish Date：Mar-10-2014,Closing Date：Apr-09-2014,"Contact Information Saint Blanquat & A.  +855235445005 #21, street 214, Phnom Penh, Cambodia  +855235445005"
37,https://www.camhr.com/a/job/10022717,PRODUCTION ASSISTANT,Saint Blanquat & Associates,PRODUCTION ASSISTANT,Middle,~,2,Negotiable ,Male/Female,Age Unlimited,"
          Full Time
        ","
          Manufacturing
        ","
          Manufacturing
        ","
          Bachelor Degree
        ","
          Chinese-Cantonese-- Good English-- Good
        ","
          Phnom Penh
        ","SUMMARY OF POSITION


Our client is one of the leading international company specialized in designing, sourcing and manufacturing motorcycle clothing which is currently opening a manufacturing facility. The Production Assistant will work under supervision of production supervisor or manager to ensure the smooth functioning and running of all production concerning activities.
MAIN DUTIES AND RESPONSIBILITIES


• Overseeing production process
• Ensuring that production is cost effective
• Ensuring that products are produced in a timely manner and are produced within quality guideline
• Foreseeing potential problem before they happen
• Collaborating among different departments to achieve target goal
• Ensuring health and safety guidelines are followed
• Identifying any necessary needs for productions
• Prepare report to management

Reporting to
Production Supervisor/Production Manager","REQUIREMENTS


• Relevant university degree
• At least 1 year relavent experiences
• Knowledge of production management and related fields
• Fluent in Chinese– English – Khmer
• Ability to work under pressaure and tight deadline
• Good Attitude, respectful, responsible and result oriented individual
• A good team player and ability to work in different shifts
• Strong computer literacy

SALARY RANGE

$500-$600 ",We are professionals in HR and MANAGEMENT CONSULTING based in Cambodia and engaged across South East Asia. We maximise the EFFICIENCY and the PRODUCTIVITY of YOUR ORGANIZATION.,Publish Date：Mar-09-2014,Closing Date：Apr-08-2014,"Contact Information Saint Blanquat & A.  +855235445005 #21, street 214, Phnom Penh, Cambodia  +855235445005"
38,https://www.camhr.com/a/job/10022716,ENGLISH-BURMESE ANALYST,Saint Blanquat & Associates,ENGLISH-BURMESE ANALYST,Middle,~,4,$200-$500,~,Age Unlimited,"
          Full Time
        ","
          Translation/Interpretation
        ","
          Industrial Machinery/Automation Equipment
        ","
          Bachelor Degree
        ","
          English-- Good
        ","
          Phnom Penh
        ","SUMMARY OF POSITION


Our client is a social business that creates jobs for talented youth in emerging market countries by delivering high-quality content business process outsourcing (BPO) services to clients. The organization identifies and recruits motivated, disadvantaged youth who would not otherwise have access to good jobs or higher education. The primary services delivered from Asia include content conversion services : converting newspapers, magazines and books into digital formats. Analyst will in charge of searching relevant documents and translate in both oral and writing.
MAIN DUTIES AND RESPONSIBILITIES


• Provide simultaneous oral translation between English and Burmese
• Provide written translations of technology research and other relavent documents from Burmese to English or from English to Burmese
• Ensure the accuracy of all translations.
• Prepare reports, statistics, and records by the end of the month
• Check the accuracy of translations (verbal and oral) of other members of company and provide support where necessary.
• Check the accuracy of any other translations required by the company
• Assist management people as much as required","REQUIREMENTS


• Strong written communication skills
• Strong typing skills in one of those languages
• Ability to translate technology documents
• Relevant university degree
• Fluent in English (verbal and written)
• First experience as English-Burmese translator
• Ability to translate between both languages
• Ability to maintain absolute confidentiality at all times
• Good Attitude, responsible and result oriented individual
• Computer Literate

SALARY RANGE

$400 ",We are professionals in HR and MANAGEMENT CONSULTING based in Cambodia and engaged across South East Asia. We maximise the EFFICIENCY and the PRODUCTIVITY of YOUR ORGANIZATION.,Publish Date：Mar-09-2014,Closing Date：Apr-08-2014,"Contact Information Saint Blanquat & A.  +855235445005 #21, street 214, Phnom Penh, Cambodia  +855235445005"
39,https://www.camhr.com/a/job/10022715,SALES & MARKETING MANAGER,Saint Blanquat & Associates,SALES & MARKETING MANAGER,Top,3,1,Negotiable ,Male/Female,Age Unlimited,"
          Full Time
        ","
          Hotel/Hospitality
        ","
          Hotel/Hospitality
        ","
          Bachelor Degree
        ","
          English-- Good
        ","
          Phnom Penh
        ","SUMMARY OF POSITION


Our Client is the Largest Shopping Mall Developer from Asia which will expect to open up the first biggest shopping mall in 2014 in Cambodia.
The Sales & Marketing Manager is based in Phnom Penh Office (in the shopping mall) will be responsible:

MAIN DUTIES AND RESPONSIBILITIES


Responding for develop and implement Sales & Marketing plan; supporting tenants to improve sales proceed. We are now looking for potential candidates to fill the following position based
• Prepare Sales & Marketing plans and implement it
• Formulate an annual budget for Sales & Marketing division
• Coordinate and provide support to all tenants to achieve Sales’s target, follow up and analyze the sales report
• Propose and implement advertising, promotional programs and public relation events
• Handle complaints and problems from customers, ensure that all claims are in line with company policy
• Build partnership and keep good relationship with representative of all tenants
• Research market demand and industry competitors
• Other tasks assigned by General Manager

Reporting
• To the General Manager","REQUIREMENTS


• Bachelor degree or relevant qualification
• At least 3 years experiences in Sales & Marketing Management
• Good leadership skills and be able to work independently and part of team
• Strong negotiation and convince to the customer
• Be patient, self-motivated and team building capabilities
• Good business development skills especially in Sales & Marketing sector is a plus
• Fluent in English and Khmer, Japanese or other language is a plus
• Have good computer skill (Microsoft office, internet and email)
• Hard working and be able to work with shift schedule (during weekend & public holiday)

SALARY RANGE

$500-$1500 ",We are professionals in HR and MANAGEMENT CONSULTING based in Cambodia and engaged across South East Asia. We maximise the EFFICIENCY and the PRODUCTIVITY of YOUR ORGANIZATION.,Publish Date：Mar-09-2014,Closing Date：Apr-08-2014,"Contact Information Saint Blanquat & A.  +855235445005 #21, street 214, Phnom Penh, Cambodia  +855235445005"
40,https://www.camhr.com/a/job/10022714,WAREHOUSE ASSISTANT,Saint Blanquat & Associates,WAREHOUSE ASSISTANT,Middle,~,1,$200-$500,Male/Female,Age Unlimited,"
          Full Time
        ","
          Manufacturing
        ","
          Manufacturing
        ","
          Bachelor Degree
        ","
          English-- Good Chinese-Mandarin-- Good
        ","
          Phnom Penh
        ","SUMMARY OF POSITION


Our client is one of the leading international company specialized in designing, sourcing and manufacturing motorcycle clothing which is currently opening a manufacturing facility. The Warehouse Assistant will work under supervision of warehouse supervisor or manager to ensure the smooth functioning and running of all warehouse concerning activities.
MAIN DUTIES AND RESPONSIBILITIES


• Receiving, moving, checking and strong incoming materials/goods/products
• Checking and inspecting goods received and ensuring they are of accurate quantity, type, and also acceptable quality
• Loading and unloading lorries, vans and other vehicles
• Selecting space for storage and arranging for good to be placed in the designated areas
• Making sure that all inventory processes are completed on the same day
• Labelling materials/goods/products that have arrived at the warehouse
• Ensuring a clean and safety in warehouse
• Accurately updating all data into computer and manual recording systems to report to management level people
• Assist other tasks as much as required

Reporting to
Warehouse Supervisor/Warehouse Manager","REQUIREMENTS


• Relevant university degree
• At least 1 year relavent experiences to warehouse management
• Knowledge of supply chain management and related fields.
• Fluent in Chinese– English – Khmer , french is a plus
• Ability to work under pressaure and tight deadline
• Good Attitude, responsible and result oriented individual
• A good team player and ability to work in different shifts
• Strong computer literacy


SALARY RANGE

$300 - $500 ",We are professionals in HR and MANAGEMENT CONSULTING based in Cambodia and engaged across South East Asia. We maximise the EFFICIENCY and the PRODUCTIVITY of YOUR ORGANIZATION.,Publish Date：Mar-09-2014,Closing Date：Apr-08-2014,"Contact Information Saint Blanquat & A.  +855235445005 #21, street 214, Phnom Penh, Cambodia  +855235445005"
41,https://www.camhr.com/a/job/10022713,SALES MANAGER,Saint Blanquat & Associates,SALES MANAGER,Top,~,2,$500-$999,Male/Female,Age Unlimited,"
          Full Time
        ","
          Sales
        ","
          Insurance
        ","
          Bachelor Degree
        ","
          English-- Good
        ","
          Phnom Penh
        ","SUMMARY OF POSITION


Our client is the leading insurance provider Company in Phnom Penh. The Sales Manager will Initially reporting to the Chief Agency Officer, will be responsible to recruit, develop and provide on-going supervision to sales personnel for the company in order to achieve the company’s business objectives.
MAIN DUTIES AND RESPONSIBILITIES


• Recruit qualified insurance sales people
• Provide necessary training, coaching and supervision to ensure success of insurance sales people
• Build, manage and supervise own sales team to deliver sales target of the company
• Build new relationships and strengthen existing client relationships
• Oversee and organize team activities to ensure cohesiveness of team and productivity of team members
• Develop and maintain a positive working environment for team members","REQUIREMENTS


• Bachelor degree in Marketing, Business, Finance or related field is preferred
• Proven track record in sales management and people management a definite advantage
• Knowledge of insurance product in particular and the financial services industry in general, experiences in financial service is a plus
• A vested interest in keeping abreast of the industry and market trends
• Strong analytical, inter-personal, communication (verbal and written) and business development/sales skills
• Sales focus, results driven, relationship building, professional maturity, teamwork and self-confidence
• Strong networking skills
",We are professionals in HR and MANAGEMENT CONSULTING based in Cambodia and engaged across South East Asia. We maximise the EFFICIENCY and the PRODUCTIVITY of YOUR ORGANIZATION.,Publish Date：Mar-09-2014,Closing Date：Apr-08-2014,"Contact Information Saint Blanquat & A.  +855235445005 #21, street 214, Phnom Penh, Cambodia  +855235445005"
42,https://www.camhr.com/a/job/10022712,INSURANCE SPECIALIST,Saint Blanquat & Associates,INSURANCE SPECIALIST,Entry Level,~,1,$200-$500,Male/Female,Age Unlimited,"
          Full Time
        ","
          Sales
        ","
          Insurance
        ","
          Bachelor Degree
        ","
          English-- Good
        ","
          Phnom Penh，Siem Reap
        ","SUMMARY OF POSITION

Our client is one of the leading international company specialized in insurance and financial consultant. The Insurance Specialist will station at the bank that the company operates with in order to provide insurance sales services to the bank customer/staffs.

MAIN DUTIES AND RESPONSIBILITIES


• Provide sufficient financial advice to potential clients through professional manner base on demand analysis an fact finding
• Constantly identify qualified prospects to introduce insurance provided
• Collaborate proactively with all stakeholders to achieved expected results
• Deliver excellent customer services to clients
• Ensure accuracy and compliance of all request completed on time and fit to quality standards set by the company
• Perform and assist other tasks as much as required
","REQUIREMENTS


• Bachelor Degree in Business, Marketing or relavent Fields
• Very good level of English and communication skill
• Successful background in cusotmer service/sales or any other related field, experience in insurance is a plus ( Fresh potential graduates are welcome)
• Strong network
• Ability to work with people from diverse background
• Ability to learn and adapt to new business environment
• Ability to be flexible and solution-oriented
• Willing to travel ",We are professionals in HR and MANAGEMENT CONSULTING based in Cambodia and engaged across South East Asia. We maximise the EFFICIENCY and the PRODUCTIVITY of YOUR ORGANIZATION.,Publish Date：Mar-09-2014,Closing Date：Apr-08-2014,"Contact Information Saint Blanquat & A.  +855235445005 #21, street 214, Phnom Penh, Cambodia  +855235445005"
43,https://www.camhr.com/a/job/10022711,Lubricants Sale & Marketing,"KEANG CHHAY IMPORT EXPORT CO., LTD",Lubricants Sale & Marketing,Senior,2,2,Negotiable ,Male/Female,25 ~ 35,"
          Full Time
        ","
          Marketing
        ","
          Trading
        ","
          ~
        ","
          English-- Good Khmer-- Excellent Chinese-Mandarin-- Good
        ","
          Phnom Penh，Provinces
        ",#NAME?,"- Khmer native, Age 25-35 years old, Good health
- Graduated associate degree/bachelor in the field of Marketing
- Work experience - at least 02 years in sale dept.
- Having good comment, communication,Honest and Responsible
- Can work in flexible working hour and do the mission in provinces
- Computer literacy (Ms. Office Applications)
- Open to learn more and grow","We are one of the leading lubricant distribution company focused on distributing SINOPEC premium lubricants to transportation, industrial, commercial and marine customers in Cambodia market.

Our goal is to provide reliable customer service, product availability and effortless delivery options to match clients with the perfect lubricant for their needs by takes into consideration product run time, performance and price to offer the best oil value for customers, saving business time and money.

SINOPEC Premium Lubricants also meet the requirements of ISO, API and ACEA as well as various special specifications from OEMs.",Publish Date：Mar-10-2014,Closing Date：Invalid date,"Contact Information HENG KIM OV Sales Manager 011 68 48 16 #107, St. 566, S/K Beung Kak II, Khan Toul Kok, Phnom Penh, Cambodia  011 68 48 16"
44,https://www.camhr.com/a/job/10022710,Camara Security System,San Hao CCTV,Camara Security System,Middle,1,~,Negotiable ,Male,20 ~ 35,"
          Full Time
        ","
          Technician/Maintenance
        ","
          Security/Fire/Electronic Access Controls
        ","
          Bachelor Degree
        ","
          English-- Good
        ","
          Phnom Penh
        ",,,,Publish Date：Mar-09-2014,Closing Date：Invalid date,"Contact Information Chhum Vannak  011555592 #2, St Norodom, Khan Chomkamon, Phnom Penh, Cambodia  011555592"
45,https://www.camhr.com/a/job/10022708,Fitness Sales Executive,SF STUDIO,Fitness Sales Executive,Entry Level,~,2,Negotiable ,Male/Female,20 ~ 35,"
          Contract
        ","
          Sales
        ","
          Health/Personal Care
        ","
          Others
        ","
          English-- Fair Khmer-- Excellent Chinese-Mandarin-- Fair
        ","
          Phnom Penh
        ","RESPONSIBILITY:
•        Understanding the markets, find new customers and set target in order to sell the fitness program.
•        Able to develop and increase sales conforms to business strategies.
•        Follow up and update customer relationship report
•        Managing the production of marketing materials, including leaflets, posters, flyers, Newsletters, e-newsletters
•        Promote products and company’s activities.
•        Reporting all any activities to sales and marketing manager
•        Attend company training
     Strong commitment to work and willing to learn new things
-      Hard work with high responsibility to make productivity
-      Excellent communication skill and able speak English /Chinese
-      Honesty and able to work individually under pressure.
-      Flexible working in accordance with the situation and problem dealing.
-      Willing to work as a team and be helpful.
-      Good personality and image preparation.
-      Have own motorbike.
-      No Experienve is welcome, training will be provided
","Strong commitment to work and willing to learn new things
Hard work with high responsibility to make productivity
Excellent communication skill and able speak English /Chinese
Honesty and able to work individually under pressure.
Flexible working in accordance with the situation and problem dealing.
Willing to work as a team and be helpful.
 Good personality and image preparation.
Have own motorbike.
 No Experience is welcome, training will be provided
",,Publish Date：Mar-13-2014,Closing Date：Apr-12-2014,Contact Information Eugene Operation Director 012 882 300  null  012 882 300
